date,cash,equity,positions,benchmark_equity
2024-01-02,0.0,100000.0,10,100000.0
2024-01-03,0.0,99878.32809211261,10,99198.36850772692
2024-01-04,0.0,100765.50130984209,10,98858.2786764067
2024-01-05,0.0,100466.03855379735,10,99038.76286944644
2024-01-08,0.0,100780.45267532294,10,100436.65829465447
2024-01-09,0.0,100673.65206030136,10,100288.2228890731
2024-01-10,0.0,100621.98047755775,10,100856.45314123415
2024-01-11,0.0,99985.51935946954,10,100788.77285573742
2024-01-12,0.0,100545.89863333426,10,100864.46276431243
2024-01-15,0.0,100434.3385388292,10,100864.46276431243
2024-01-16,0.0,99934.59570763414,10,100488.10313594245
2024-01-17,0.0,98578.68438698976,10,99923.67179241363
2024-01-18,0.0,98588.08902777062,10,100803.52579901653
2024-01-19,0.0,97813.31506178167,10,102044.77029265804
2024-01-22,0.0,97899.1910067884,10,102268.6897039075
2024-01-23,0.0,98558.84001258068,10,102567.45482181369
2024-01-24,0.0,99045.4512160261,10,102650.7322525078
2024-01-25,0.0,99204.35932122271,10,103190.71262584272
2024-01-26,0.0,100181.26365757984,10,103123.4544413051
2024-01-29,0.0,100138.77024134003,10,103902.73517303463
2024-01-30,0.0,99593.05581483697,10,103840.32600195443
2024-01-31,0.0,100107.33439706686,10,102167.90023098188
2024-02-01,0.0,100078.31512258294,10,103444.3541217026
2024-02-02,0.0,100032.6163887161,10,104549.59974533928
2024-02-05,0.0,100400.99642407986,10,104216.46943227215
2024-02-06,0.0,101340.88463946832,10,104457.2522915964
2024-02-07,0.0,101412.63764950272,10,105318.13234532884
2024-02-08,0.0,101842.03166634736,10,105378.22510870645
2024-02-09,0.0,101777.18862694711,10,105983.34286663793
2024-02-12,0.0,101968.16349117919,10,105882.76959176455
2024-02-13,0.0,101079.96935052736,10,104434.90153105283
2024-02-14,0.0,101281.26489433949,10,105435.3631653701
2024-02-15,0.0,101785.02196118407,10,106049.12884539121
2024-02-16,0.0,102114.15363702414,10,105539.72505373038
2024-02-19,0.0,102255.62374734483,10,105539.72505373038
2024-02-20,0.0,102000.92580120504,10,104905.92502086826
2024-02-21,0.0,101977.6217835809,10,105038.54708320001
2024-02-22,0.0,102383.66545369328,10,107257.26415160384
2024-02-23,0.0,102514.68024265874,10,107294.58405347876
2024-02-26,0.0,102418.88627938951,10,106888.2861424461
2024-02-27,0.0,102021.50254275964,10,107070.67493737463
2024-02-28,0.0,101396.60219048867,10,106893.13515590351
2024-02-29,0.0,100650.35769110658,10,107452.08948210889
2024-03-01,0.0,101394.14678134314,10,108312.54743488217
2024-03-04,0.0,101132.09117033948,10,108183.30218022352
2024-03-05,0.0,100568.84033968698,10,107080.57886719632
2024-03-06,0.0,100771.95378638129,10,107631.09117421898
2024-03-07,0.0,102235.18189670602,10,108740.13570648788
2024-03-08,0.0,102422.05558825197,10,108030.22366409165
2024-03-11,0.0,102282.81432972224,10,107908.98803251126
2024-03-12,0.0,103667.80903130308,10,109117.76163773525
2024-03-13,0.0,103921.17269828514,10,108907.76126299196
2024-03-14,0.0,103358.84331605784,10,108595.0771085796
2024-03-15,0.0,102822.70131577709,10,107891.06418446594
2024-03-18,0.0,101833.13949061322,10,108572.72634803603
2024-03-19,0.0,102159.49127189314,10,109186.06992709801
2024-03-20,0.0,102430.9649151863,10,110158.28168258915
2024-03-21,0.0,102913.65931575035,10,110514.812861025
2024-03-22,0.0,103009.95943539146,10,110359.85033329503
2024-03-25,0.0,102988.55861223977,10,110022.70491354342
2024-03-26,0.0,103581.18368470011,10,109714.66386968158
2024-03-27,0.0,103618.00454062792,10,110661.57015791518
2024-03-28,0.0,103970.98328320275,10,110785.12219719816
2024-04-02,0.0,103532.90516100114,10,109761.6817984713
2024-04-03,0.0,104046.22174480521,10,109881.44522426739
2024-04-04,0.0,104035.13126175848,10,108526.13052020545
2024-04-05,0.0,103121.33805856238,10,109730.6831158381
2024-04-08,0.0,103508.21880753308,10,109689.5746004763
2024-04-09,0.0,103086.47992805933,10,109848.1301339316
2024-04-10,0.0,103604.83801137199,10,108809.29849291425
2024-04-11,0.0,103529.96841060295,10,109619.36170922473
2024-04-12,0.0,103482.2060457115,10,108024.32454580908
2024-04-15,0.0,103349.33886777233,10,106725.72579745165
2024-04-16,0.0,102250.1882056158,10,106506.24359384582
2024-04-17,0.0,102475.82460399832,10,105890.57331193589
2024-04-18,0.0,103578.61317772887,10,105656.74997086474
2024-04-19,0.0,104045.22708995466,10,104731.35024125644
2024-04-22,0.0,105534.00314432026,10,105645.78564107252
2024-04-23,0.0,106801.82751086951,10,106909.79270107139
2024-04-24,0.0,106560.74292008317,10,106932.56556257409
2024-04-25,0.0,106428.01105706241,10,106443.19612375424
2024-04-26,0.0,107978.2496733689,10,107529.88989547956
2024-04-29,0.0,108184.48782769321,10,107871.66813063633
2024-04-30,0.0,108063.18752137966,10,106174.79138946989
2024-05-01,0.0,107992.39055836065,10,105810.0343899035
2024-05-02,0.0,107947.73606623992,10,106775.91463100757
2024-05-03,0.0,108377.50808396972,10,108116.67199955195
2024-05-06,0.0,108938.59619533247,10,109233.09815103307
2024-05-07,0.0,110107.1315423096,10,109379.8451527779
2024-05-08,0.0,110834.72438577215,10,109379.20685376652
2024-05-09,0.0,111548.86740061817,10,109936.05067517623
2024-05-10,0.0,112753.07467063193,10,110117.37907013424
2024-05-13,0.0,113588.54289103842,10,110090.80729999929
2024-05-14,0.0,114656.17840534532,10,110623.406054122
2024-05-15,0.0,114919.85361335764,10,111919.46190157924
2024-05-16,0.0,115257.9667942811,10,111686.48276242634
2024-05-17,0.0,114800.20682660611,10,111816.57221900327
2024-05-20,0.0,114574.36381968301,10,111919.0398006201
2024-05-21,0.0,114746.79411348242,10,112199.04716370805
2024-05-22,0.0,114800.94982177673,10,111895.42273719913
2024-05-23,0.0,114437.69473982956,10,111069.54617763903
2024-05-24,0.0,114242.17451927668,10,111847.14880067734
2024-05-27,0.0,114253.48851137693,10,111847.14880067734
2024-05-28,0.0,113413.01711753868,10,111874.97657854435
2024-05-29,0.0,112113.98247900345,10,111050.78842282078
2024-05-30,0.0,112929.03364775731,10,110387.2560102029
2024-05-31,0.0,112670.99749106454,10,111273.43123604752
2024-06-03,0.0,113492.34485781171,10,111397.62157434186
2024-06-04,0.0,113451.74362357204,10,111565.03093279371
2024-06-05,0.0,113745.28049920863,10,112886.81434846761
2024-06-06,0.0,114211.78127514194,10,112864.25768501716
2024-06-07,0.0,114284.60841505823,10,112738.3892380316
2024-06-10,0.0,114064.45756320939,10,113029.3506357664
2024-06-11,0.0,113501.99230702501,10,113335.7032757917
2024-06-12,0.0,114455.03802638908,10,114299.47301210009
2024-06-13,0.0,113742.65899316513,10,114567.46594057066
2024-06-14,0.0,113285.85475318876,10,114522.34231852439
2024-06-17,0.0,113203.65688003668,10,115400.08582033159
2024-06-18,0.0,113304.04446200782,10,115691.04721806642
2024-06-19,0.0,113173.13688475091,10,115691.04721806642
2024-06-20,0.0,113822.19234538419,10,115398.81951745419
2024-06-21,0.0,113847.71976078849,10,115218.55152246669
2024-06-24,0.0,114675.6274797926,10,114865.38685655856
2024-06-25,0.0,114284.20224772682,10,115317.22019545127
2024-06-26,0.0,113607.27385658884,10,115498.5485904093
2024-06-27,0.0,113370.79867751284,10,115603.34287487404
2024-06-28,0.0,113204.38666307901,10,115131.25898508809
2024-07-01,0.0,113709.14089943434,10,115439.30002894995
2024-07-02,0.0,113125.17035114548,10,116154.48318576271
2024-07-03,0.0,113359.90789770588,10,116745.06419846736
2024-07-04,0.0,113454.97678169524,10,116745.06419846736
2024-07-05,0.0,113032.6913615796,10,117381.18063903203
2024-07-08,0.0,113668.8706503763,10,117500.52196386897
2024-07-09,0.0,112867.84791243573,10,117587.59830319532
2024-07-10,0.0,114024.63291438349,10,118787.94018438195
2024-07-11,0.0,114587.92653454172,10,117746.99803856891
2024-07-12,0.0,116425.2803573818,10,118396.61141468064
2024-07-15,0.0,115017.14676897865,10,118731.22422867741
2024-07-16,0.0,115094.57605616306,10,119489.8426036999
2024-07-17,0.0,114990.26991143214,10,117825.64265385787
2024-07-18,0.0,115466.84892231584,10,116904.66983674784
2024-07-19,0.0,114744.96161631745,10,116069.93945219119
2024-07-22,0.0,115669.18752127208,10,117322.57037658407
2024-07-23,0.0,115515.3977681309,10,117139.76977584175
2024-07-24,0.0,114627.86920012419,10,114428.09026289271
2024-07-25,0.0,114883.78816156916,10,113839.63005012911
2024-07-26,0.0,115922.84685404303,10,115102.16490434368
2024-07-29,0.0,116034.36756673797,10,115195.77866096397
2024-07-30,0.0,116991.51418844481,10,114624.38779918208
2024-07-31,0.0,117441.56869937046,10,116434.69645175757
2024-08-01,0.0,116952.92778540721,10,114840.29758735329
2024-08-02,0.0,115768.54876675952,10,112729.31921498281
2024-08-05,0.0,112814.01776563456,10,109350.95697494037
2024-08-06,0.0,113241.33936650175,10,110483.18617452578
2024-08-07,0.0,114496.94729859005,10,109628.6376351804
2024-08-08,0.0,115173.700568264,10,112154.76774358004
2024-08-09,0.0,115867.59421762,10,112678.71857561311
2024-08-12,0.0,115783.28278806133,10,112683.5675890705
2024-08-13,0.0,116359.90336012063,10,114582.01298094286
2024-08-14,0.0,116444.93202254463,10,115020.14348138163
2024-08-15,0.0,117338.07770590758,10,116875.79195405565
2024-08-16,0.0,117518.82584242156,10,117108.3489922494
2024-08-19,0.0,117727.55116303534,10,118246.90970622185
2024-08-20,0.0,116864.68524010738,10,118012.24216323241
2024-08-21,0.0,117117.6400536675,10,118512.5759318445
2024-08-22,0.0,118212.45052838199,10,117453.9261360384
2024-08-23,0.0,118828.4927179275,10,118802.69312766103
2024-08-26,0.0,118818.7284494815,10,118428.02190312762
2024-08-27,0.0,119008.68761777802,10,118616.93782020475
2024-08-28,0.0,119089.01517993827,10,117908.08617777904
2024-08-29,0.0,120336.03491575315,10,117903.44306722852
2024-08-30,0.0,121608.59435042787,10,119093.44862248896
2024-09-02,0.0,121860.40634057406,10,119093.44862248896
2024-09-03,0.0,122241.05597299794,10,116574.49423039466
2024-09-04,0.0,121537.50625217259,10,116387.67852296785
2024-09-05,0.0,121341.21663509928,10,116036.41845894852
2024-09-06,0.0,120175.35401077708,10,114033.60088357056
2024-09-09,0.0,121307.38357176233,10,115354.11799636706
2024-09-10,0.0,120845.92189424476,10,115870.05920532186
2024-09-11,0.0,120688.36525164968,10,117105.81638649458
2024-09-12,0.0,121234.38298124778,10,117983.55988830178
2024-09-13,0.0,121833.42723062202,10,118621.58093075526
2024-09-16,0.0,121868.01526884647,10,118770.64434020266
2024-09-17,0.0,121792.76086178739,10,118802.06512379501
2024-09-18,0.0,121337.5843767144,10,118457.96018579032
2024-09-19,0.0,122185.9958346723,10,120469.00358229877
2024-09-20,0.0,121320.53558797282,10,120235.16994608226
2024-09-23,0.0,122190.4918936435,10,120572.9433696999
2024-09-24,0.0,123439.35175834599,10,120875.72359429055
2024-09-25,0.0,124022.07117554295,10,120650.74378307059
2024-09-26,0.0,125218.83640221019,10,121138.0130122401
2024-09-27,0.0,125010.16587456797,10,120986.20079898564
2024-09-30,0.0,124278.12696913199,10,121498.76520026734
2024-10-01,0.0,124770.31494313333,10,120365.89770167056
2024-10-02,0.0,124920.0218536934,10,120382.55524683847
2024-10-03,0.0,123894.80670338564,10,120180.14239421429
2024-10-04,0.0,123831.44440523194,10,121258.18824384999
2024-10-07,0.0,124057.28883448435,10,120095.80456354967
2024-10-08,0.0,123599.30790510298,10,121259.4545467274
2024-10-09,0.0,124032.07297021877,10,122122.02300429638
2024-10-10,0.0,123500.29457230699,10,121869.21541520939
2024-10-11,0.0,124210.42762676784,10,122606.74933256573
2024-10-14,0.0,124476.61695835313,10,123551.76131405587
2024-10-15,0.0,125769.8678390678,10,122611.59834602314
2024-10-16,0.0,126076.76944833402,10,123185.31591065296
2024-10-17,0.0,126304.90943349212,10,123164.2314529868
2024-10-18,0.0,126918.94677606957,10,123653.38469375441
2024-10-21,0.0,126082.95381962131,10,123427.99307672065
2024-10-22,0.0,125238.38262731467,10,123369.3828142727
2024-10-23,0.0,124949.71523417385,10,122235.4549157054
2024-10-24,0.0,125357.0283216011,10,122497.74433365495
2024-10-25,0.0,125648.80528783011,10,122461.06273079143
2024-10-28,0.0,126485.02542108187,10,122785.76131982115
2024-10-29,0.0,126442.08167153965,10,122983.95316285396
2024-10-30,0.0,124645.44553121201,10,122578.07735278046
2024-10-31,0.0,123168.63006482794,10,120296.32310943039
2024-11-01,0.0,124062.67690709532,10,120788.63695981888
2024-11-04,0.0,123624.46969852196,10,120448.96922945778
2024-11-05,0.0,123855.76802946224,10,121926.35347187304
2024-11-06,0.0,122804.20671428493,10,125010.5937045598
2024-11-07,0.0,123159.66903136577,10,125939.57614474809
2024-11-08,0.0,122758.74632066957,10,126412.7101393592
2024-11-11,0.0,123952.6186099849,10,126535.21207381702
2024-11-12,0.0,121499.14043737613,10,126169.18877137324
2024-11-13,0.0,121913.82650118857,10,126198.48875502455
2024-11-14,0.0,122600.66762606696,10,125435.02136654465
2024-11-15,0.0,121374.38513946014,10,123778.8413349262
2024-11-18,0.0,121757.11972878763,10,124263.7838612478
2024-11-19,0.0,121956.32816099245,10,124756.31390968851
2024-11-20,0.0,122060.66091594743,10,124759.05241835024
2024-11-21,0.0,121829.84372569833,10,125425.32333962983
2024-11-22,0.0,123700.45825615707,10,125860.29323044776
2024-11-25,0.0,122923.98672182202,10,126240.45176744995
2024-11-26,0.0,122312.44643960836,10,126962.80034542271
2024-11-27,0.0,122896.83789028219,10,126480.18452194905
2024-11-28,0.0,123168.14896703105,10,126480.18452194905
2024-11-29,0.0,123680.98820894893,10,127189.4582653339
2024-12-02,0.0,125060.83048103642,10,127500.87611686885
2024-12-03,0.0,125351.84752742462,10,127558.43627449164
2024-12-04,0.0,125196.35839885676,10,128330.34568215426
2024-12-05,0.0,125796.72913762763,10,128090.39672960294
2024-12-06,0.0,125615.48945811235,10,128410.0404022684
2024-12-09,0.0,125626.48530273933,10,127621.06164362408
2024-12-10,0.0,125035.40309014017,10,127242.80770851066
2024-12-11,0.0,125097.30298292349,10,128281.84525243491
2024-12-12,0.0,125204.69626216855,10,127587.32445232914
2024-12-13,0.0,124646.25838336552,10,127583.94764465606
2024-12-16,0.0,124631.98182789783,10,128068.68426807076
2024-12-17,0.0,123840.87822097234,10,127573.82751678213
2024-12-18,0.0,123241.04482778707,10,123811.31222334372
2024-12-19,0.0,121307.464988419,10,123704.20153117638
2024-12-20,0.0,118904.93874278301,10,125048.75780835298
2024-12-23,0.0,119043.20303863064,10,125960.02230340289
2024-12-24,0.0,119148.19456297295,10,127350.96850550316
2024-12-27,0.0,119952.14075174837,10,125891.919916947
2024-12-30,0.0,119200.11364355679,10,124544.62513110867
2024-12-31,0.0,119482.29703859301,10,124010.97627216083
2025-01-02,0.0,120940.84351680928,10,123735.18991866424
2025-01-03,0.0,120783.00653076636,10,125293.7616772686
2025-01-06,0.0,119435.83395546282,10,125987.64417836299
2025-01-07,0.0,119273.77560315352,10,124588.68835318444
2025-01-08,0.0,119205.09840703121,10,124783.09158273035
2025-01-09,0.0,119841.77660099356,10,124783.09158273035
2025-01-10,12533.090210951497,118200.00639566095,9,122859.97902261185
2025-01-13,12533.090210951497,118093.35431041506,9,123053.53805023948
2025-01-14,12533.090210951497,117394.90966463785,9,123194.59183660864
2025-01-15,12533.090210951497,118770.8296444979,9,125450.62880688738
2025-01-16,12533.090210951497,118469.08950172657,9,125185.59058513076
2025-01-17,0.0,118395.95735476424,10,126436.32720278017
2025-01-20,0.0,118305.76872600315,10,126436.32720278017
2025-01-21,0.0,118617.63236382262,10,127544.94963408995
2025-01-22,0.0,118587.5644964298,10,128327.81307639944
2025-01-23,0.0,118674.86368523467,10,129009.68114287643
2025-01-24,0.0,118974.09970161704,10,128641.34143273007
2025-01-27,0.0,118258.86166975531,10,126765.6586072151
2025-01-28,0.0,117534.775543,10,127934.16789899557
2025-01-29,0.0,118082.14011651275,10,127335.57726321269
2025-01-30,0.0,119123.85947428198,10,128007.32520181572
2025-01-31,0.0,118987.74528870895,10,127361.294536284
2025-02-03,0.0,117431.6092556029,10,126392.25368555909
2025-02-04,0.0,117810.60205833893,10,127305.42278249777
2025-02-05,0.0,117209.24145271108,10,127803.01804244811
2025-02-06,0.0,117939.36380723317,10,128268.77041784702
2025-02-07,0.0,116517.86219593129,10,127054.7359933518
2025-02-10,0.0,117534.90851872743,10,127907.59612886062
2025-02-11,0.0,117873.1556620789,10,127951.03134707035
2025-02-12,0.0,117089.47030901043,10,127602.50979171274
2025-02-13,0.0,115678.6284092094,10,128932.93083433092
2025-02-14,0.0,115215.38302721041,10,128923.65490837528
2025-02-17,0.0,114668.66047352685,10,128923.65490837528
2025-02-18,0.0,115248.29822943977,10,129238.87166854244
2025-02-19,0.0,114508.61184027784,10,129546.06851048602
2025-02-20,0.0,114139.6104394905,10,128984.59187367115
2025-02-21,0.0,114964.84489170184,10,126783.58245526037
2025-02-24,0.0,115535.4491706811,10,126153.58133103052
2025-02-25,0.0,115416.55416885986,10,125563.21651637815
2025-02-26,0.0,117443.9544438398,10,125580.29616250517
2025-02-27,0.0,116839.16332130745,10,123588.02081596028
2025-02-28,0.0,116036.82182254808,10,125547.4031731285
2025-03-03,0.0,116542.8162549704,10,123338.17822873259
2025-03-04,0.0,114071.01326012565,10,121829.15700467276
2025-03-05,0.0,115320.10882835349,10,123188.68242318071
2025-03-06,0.0,115641.00343506839,10,120993.58241819787
2025-03-07,0.0,115586.4319007261,10,121661.54174331402
2025-03-10,0.0,114952.92264693891,10,118379.95386951274
2025-03-11,0.0,112720.0337810332,10,117484.07032160799
2025-03-12,0.0,112534.33018492835,10,118058.1996920516
2025-03-13,0.0,112298.73663772794,10,116418.25510464192
2025-03-14,0.0,113456.79107452347,10,118893.99047657877
2025-03-17,0.0,115094.18929172601,10,119656.82986119261
2025-03-18,0.0,115680.48610256852,10,118382.06437430842
2025-03-19,0.0,116127.94565433104,10,119660.4125717726
2025-03-20,0.0,116011.10190824117,10,119398.96735574133
2025-03-21,0.0,114526.71322456168,10,119497.43012581904
2025-03-24,0.0,113489.14037543988,10,121606.08179534158
2025-03-25,0.0,112922.23412194877,10,121797.53031817354
2025-03-26,0.0,112086.25796787732,10,120438.64319867695
2025-03-27,0.0,111619.42827302261,10,120040.35491072256
2025-03-28,0.0,110882.3807688404,10,117671.09193194167
2025-03-31,0.0,109614.60227034446,10,118322.81581284909
2025-04-01,0.0,110483.05118148838,10,118770.22223924354
2025-04-02,0.0,109560.2796231159,10,119569.33142090714
2025-04-03,0.0,106456.9560204993,10,113782.69789637237
2025-04-04,0.0,102390.76031813488,10,106984.22660191431
2025-04-07,0.0,99910.19313802509,10,106734.79582050043
2025-04-08,0.0,101107.95367305832,10,105059.00353700013
2025-04-09,0.0,97178.11815346844,10,115055.77497942
2025-04-10,0.0,100334.11531610809,10,111073.9730901373
2025-04-11,0.0,100910.42389373186,10,113083.53398571612
2025-04-14,0.0,102772.93070501144,10,113981.9501393757
2025-04-15,0.0,103997.02726398113,10,113785.01430407495
2025-04-16,0.0,103693.47103891717,10,111235.27742739968
2025-04-17,0.0,103612.21756812539,10,111382.86863106277
2025-04-22,0.0,103443.32623404606,10,111489.5469271256
2025-04-23,0.0,105373.19430538031,10,113347.08970654306
2025-04-24,0.0,105654.3617475682,10,115643.40128541067
2025-04-25,0.0,105465.92781763866,10,116496.05551801258
2025-04-28,0.0,105935.24714616482,10,116570.69532176241
2025-04-29,0.0,106700.20917887808,10,117247.08637091596
2025-04-30,0.0,108258.19134451612,10,117420.61104570262
2025-05-01,0.0,108729.3420376862,10,118160.25546785464
2025-05-02,0.0,110727.09315781105,10,119900.35122917859
2025-05-05,0.0,110929.89705743034,10,119135.19543686212
2025-05-06,0.0,110214.60727591864,10,118218.6598273957
2025-05-07,0.0,109568.316844393,10,118732.48023640948
2025-05-08,0.0,110105.13047668438,10,119421.10191823266
2025-05-09,0.0,110828.56037501448,10,119336.13608370199
2025-05-12,0.0,113516.96804170765,10,123221.57541255736
2025-05-13,0.0,113799.28390373175,10,124114.71015665506
2025-05-14,0.0,113563.89010029037,10,124241.85520166338
2025-05-15,0.0,114528.88039963644,10,124755.26380486335
2025-05-16,0.0,114938.3870565549,10,125629.20839803833
2025-05-19,0.0,115267.09011982521,10,125739.2737969196
2025-05-20,0.0,116602.21094578627,10,125251.37656388406
2025-05-21,0.0,116067.87062047323,10,123230.4292375539
2025-05-22,0.0,114905.16188150574,10,123175.6075885928
2025-05-23,0.0,114111.13687372983,10,122349.30892807359
2025-05-26,0.0,115626.41254497206,10,122349.30892807359
2025-05-27,0.0,116605.38371059243,10,124852.46027206363
2025-05-28,0.0,115729.91014200922,10,124156.87907198737
2025-05-29,0.0,115711.3937302308,10,124654.89643289687
2025-05-30,0.0,115158.2615826607,10,124644.77630502291
2025-06-02,0.0,115397.69279554405,10,125156.07440342722
2025-06-03,0.0,115501.80621448549,10,125882.0159871253
2025-06-04,0.0,116746.61857534952,10,125891.29191308098
2025-06-05,0.0,116459.3121197416,10,125226.91529854479
2025-06-06,0.0,117293.5263302741,10,126514.33351905776
2025-06-09,0.0,117794.68566202022,10,126630.72013718075
2025-06-10,0.0,120033.25975839779,10,127325.03503437962
2025-06-11,0.0,119913.16641734363,10,126975.66927710373
2025-06-12,0.0,119683.29723703273,10,127461.02360923913
2025-06-13,0.0,119931.81200605682,10,126021.175466751
2025-06-16,0.0,120536.0134534316,10,127204.84950762439
2025-06-17,0.0,120184.98097305193,10,126142.4110983314
2025-06-18,0.0,119779.11820343413,10,126103.40279261996
2025-06-19,0.0,120369.3462460171,10,126103.40279261996
2025-06-20,0.0,119378.09367037434,10,125828.66654394854
2025-06-23,0.0,118667.55908431635,10,127037.44014917253
2025-06-24,0.0,117734.92440538458,10,128450.31501085726
2025-06-25,0.0,116492.13770096103,10,128449.89290989812
2025-06-26,0.0,115258.49220313675,10,129480.07662882583
2025-06-27,0.0,116097.35009179145,10,130155.82937896802
2025-06-30,0.0,115864.3762602628,10,130828.00971367554
2025-07-01,0.0,116484.61867158688,10,130681.67451774451
2025-07-02,0.0,117408.76424556674,10,131301.77171215267
2025-07-03,0.0,117960.31900033078,10,132396.6913050085
2025-07-04,0.0,117573.62798174715,10,132396.6913050085
2025-07-07,0.0,117829.53027968897,10,131355.7491591955
2025-07-08,0.0,118713.87694120419,10,131261.71330161605
2025-07-09,0.0,118757.84248437261,10,132057.43538046122
2025-07-10,0.0,120494.77865567176,10,132420.09217037723
2025-07-11,0.0,119481.44579298646,10,131983.43387572278
2025-07-14,0.0,119372.67471651663,10,132169.18918317906
2025-07-15,0.0,119012.62817100043,10,131646.28845597117
2025-07-16,0.0,117231.01314245512,10,132066.72160156223
2025-07-17,0.0,118380.29906316868,10,132776.41744590623
2025-07-18,0.0,117404.93742036542,10,132764.4030112888
2025-07-21,0.0,116915.82636685901,10,132950.15831874512
2025-07-22,0.0,116822.85525862487,10,133034.91825036888
2025-07-23,0.0,118014.09515411046,10,134074.17199234533
2025-07-24,0.0,120480.31453347937,10,134167.78574896563
2025-07-25,0.0,119719.1014420961,10,134701.01250695437
2025-07-28,0.0,119669.6142718393,10,134724.83547328223
2025-07-29,0.0,117692.01211361065,10,134326.12508436872
2025-07-30,0.0,117089.77239788689,10,134158.29362495776
2025-07-31,0.0,113572.9981189282,10,133662.60296689617
2025-08-01,0.0,111942.19844997587,10,131525.05282439076
2025-08-04,0.0,111929.73644232051,10,133463.35072389286
2025-08-05,0.0,112965.81653983882,10,132815.00365065856
2025-08-06,0.0,112164.28540486017,10,133782.15019464
2025-08-07,0.0,113596.59622172246,10,133675.46160343182
2025-08-08,0.0,114151.87790812363,10,134718.09215308138
2025-08-11,0.0,113584.34394842372,10,134380.7408304229
2025-08-12,0.0,114029.66821802038,10,135905.34890453477
2025-08-13,0.0,114433.8911615764,10,136344.33390203715
2025-08-14,0.0,114755.02682432377,10,136385.6586154512
2025-08-15,0.0,114878.32953658204,10,135990.53093711767
2025-08-18,0.0,114909.32907350364,10,135976.82809866374
2025-08-19,0.0,116493.02075741402,10,135180.2618179003
2025-08-20,0.0,116729.23944146097,10,134851.54812218607
2025-08-21,0.0,116786.84955399466,10,134311.5780439965
2025-08-22,0.0,118555.96718840505,10,136351.29342029025
2025-08-25,0.0,118286.51597084796,10,135769.56623258218
2025-08-26,0.0,117673.72422123705,10,136330.83696649014
2025-08-27,0.0,117975.06374811595,10,136656.8018583973
2025-08-28,0.0,117114.8376699936,10,137088.1890386352
2025-08-29,0.0,116480.82390789817,10,136211.07354069405
2025-09-01,0.0,117171.8409652655,10,136211.07354069405
2025-09-02,0.0,115668.32545343321,10,135268.1823591449
2025-09-03,0.0,115516.79762167126,10,135958.06004870014
2025-09-04,0.0,115955.06577306776,10,137092.8321491857
2025-09-05,0.0,116714.12403747886,10,136658.91236319297
2025-09-08,0.0,116713.96841103196,10,136946.71315130693
2025-09-09,0.0,116861.98783570601,10,137314.84695854638
2025-09-10,0.0,116341.04537006587,10,137724.52167725214
2025-09-11,0.0,116925.19408009638,10,138893.2368719395
2025-09-12,0.0,117166.55622561861,10,138826.1845903088
2025-09-15,0.0,118038.35621681159,10,139479.58657990742
2025-09-16,0.0,118036.38756038753,10,139299.94658878594
2025-09-17,0.0,118055.1016816865,10,139164.80221584474
2025-09-18,0.0,119255.92692566027,10,139831.27904003122
2025-09-19,0.0,118374.71476644414,10,140514.41340938566
2025-09-22,0.0,117974.65964943678,10,141134.08850283467
2025-09-23,0.0,119634.87174093425,10,140357.54627976686
2025-09-24,0.0,119891.775856978,10,139958.00198408042
2025-09-25,0.0,119559.43891492079,10,139256.94376668072
2025-09-26,0.0,118162.72386158162,10,140078.81551470168
2025-09-29,0.0,117797.71295790025,10,140447.9994267663
2025-09-30,0.0,116794.29219920773,10,141022.55089816905
2025-10-01,0.0,118352.46355671225,10,141502.01640716725
2025-10-02,0.0,120478.69160244156,10,141589.51484745272
2025-10-03,0.0,120822.44230162668,10,141598.79077340837
2025-10-06,0.0,121410.60012224916,10,142115.14378817697
2025-10-07,0.0,120568.87380620601,10,141573.48530615086
2025-10-08,0.0,120571.23025919685,10,142398.527958938
2025-10-09,0.0,120694.61604698142,10,142006.1387892662
2025-10-10,0.0,119414.69304392743,10,138156.11476039697
2025-10-13,0.0,120578.52968150222,10,140311.16664998853
2025-10-14,0.0,120071.13321047623,10,140091.67415123733
2025-10-15,0.0,121280.78871374497,10,140655.683393807
2025-10-16,0.0,122429.20694857146,10,139770.34207473532
2025-10-17,0.0,121293.88060039778,10,140507.0317901734
2025-10-20,0.0,122780.93230012036,10,142006.56089022534
2025-10-21,0.0,122029.43990886638,10,142011.20400077585
2025-10-22,0.0,122151.49294034624,10,141253.2136296194
2025-10-23,0.0,124184.02712463915,10,142076.35168051775
2025-10-24,0.0,125125.34059413546,10,143199.09905124057
2025-10-27,0.0,125577.18803443949,10,144959.0232624986
2025-10-28,0.0,124635.29213709504,10,145290.68136978144
2025-10-29,0.0,125068.6605833977,10,145284.34985539436
2025-10-30,0.0,124153.69274682667,10,143845.33561967922
2025-10-31,0.0,123004.27187695037,10,144221.9114461014
2025-11-03,0.0,123287.27319868894,10,144470.0759246379
2025-11-04,0.0,122338.0053353576,10,142774.4551912035
2025-11-05,0.0,122567.17123966837,10,143296.08961553397
2025-11-06,0.0,122440.21770011297,10,141694.29883677213
2025-11-07,0.0,121179.14316477529,10,141873.0946259753
2025-11-10,0.0,121706.43557503859,10,144058.08479822957
2025-11-11,0.0,124862.65542007219,10,144357.05581904264
2025-11-12,0.0,124887.93205046366,10,144447.93106700122
2025-11-13,0.0,124459.92164659215,10,142056.3276228221
2025-11-14,0.0,123252.15652854624,10,141985.05433160005
2025-11-17,0.0,122390.17462686669,10,140684.1494706854
2025-11-18,0.0,120264.5851521596,10,139522.599697158
2025-11-19,0.0,120294.43712125358,10,140046.34462628415
2025-11-20,0.0,120801.41258534435,10,137866.2034674873
2025-11-21,0.0,119567.28481507103,10,139220.46806672408
2025-11-24,0.0,118536.32243667987,10,141373.82125733377
2025-11-25,0.0,119272.23829508037,10,142654.90796345964
2025-11-26,0.0,120956.89476332102,10,143640.18425839333
2025-11-27,0.0,121592.23112460143,10,143640.18425839333
2025-11-28,0.0,121859.46067713096,10,144409.3448622489
2025-12-01,0.0,122926.2642098345,10,143640.60635935244
2025-12-02,0.0,123100.45342344476,10,143993.56512235367
2025-12-03,0.0,124610.23194510821,10,144422.63589488904
2025-12-04,0.0,125002.93981998619,10,144578.65882258952
2025-12-05,0.0,126265.02410071115,10,144858.65589053213
2025-12-08,0.0,126704.39197697448,10,144354.94531424696
2025-12-09,0.0,125943.38150039093,10,144228.43856825
2025-12-10,0.0,127522.13783380383,10,145201.91662661853
2025-12-11,0.0,128895.18018417567,10,145503.8423541456
2025-12-12,0.0,127958.14262193223,10,143952.24040893963
2025-12-15,0.0,128067.84229922069,10,143722.41158426227
2025-12-16,0.0,126611.53155772202,10,143379.78914718723
2025-12-17,0.0,126522.51568324988,10,141717.70999728618
2025-12-18,0.0,127198.0204216557,10,142842.13547670023
2025-12-19,0.0,128088.97286832755,10,144101.72591934618
2025-12-22,0.0,127542.6468429621,10,145029.23615375016
2025-12-23,0.0,128822.20353984833,10,145689.17556064273
2025-12-24,0.0,128770.75828354424,10,146158.5106466216
2025-12-29,0.0,129633.43834679334,10,145603.78762515294
2025-12-30,0.0,130197.14155893838,10,145403.48527732445
2025-12-31,0.0,130241.5289077266,10,144333.6549536739
